{"cameraMode":{"drawMode":0,"name":"Shaded","section":"Shading Mode"},"sceneLighting":false,"audioPlay":false,"sceneViewState":{"showFog":true,"showMaterialUpdate":false,"showSkybox":false,"showFlares":true,"showImageEffects":true,"showParticleSystems":true,"showVisualEffectGraphs":true,"m_FxEnabled":true},"in2DMode":false,"pivot":{"x":132.9068603515625,"y":2.9499971866607668,"z":79.21488189697266},"rotation":{"x":-0.024465715512633325,"y":-0.9738048911094666,"z":0.10199721157550812,"w":-0.20374056696891786},"size":2.3617441654205324,"orthographic":false}