{"cameraMode":{"drawMode":0,"name":"Shaded","section":"Shading Mode"},"sceneLighting":false,"audioPlay":false,"sceneViewState":{"showFog":true,"showMaterialUpdate":false,"showSkybox":false,"showFlares":true,"showImageEffects":true,"showParticleSystems":true,"showVisualEffectGraphs":true,"m_FxEnabled":true},"in2DMode":false,"pivot":{"x":132.9499969482422,"y":1.5599970817565919,"z":79.27999877929688},"rotation":{"x":-0.16424915194511414,"y":0.06299248337745667,"z":-0.015484260395169258,"w":-0.9846954345703125},"size":1.5478373765945435,"orthographic":false}