{"cameraMode":{"drawMode":0,"name":"Shaded","section":"Shading Mode"},"sceneLighting":false,"audioPlay":false,"sceneViewState":{"showFog":true,"showMaterialUpdate":false,"showSkybox":false,"showFlares":true,"showImageEffects":true,"showParticleSystems":true,"showVisualEffectGraphs":true,"m_FxEnabled":true},"in2DMode":false,"pivot":{"x":129.96878051757813,"y":5.740180492401123,"z":54.26560592651367},"rotation":{"x":0.003197873942553997,"y":0.9968196153640747,"z":0.05598047003149986,"w":-0.056879691779613498},"size":14.391582489013672,"orthographic":false}