{"cameraMode":{"drawMode":0,"name":"Shaded","section":"Shading Mode"},"sceneLighting":true,"audioPlay":false,"sceneViewState":{"showFog":true,"showMaterialUpdate":false,"showSkybox":true,"showFlares":true,"showImageEffects":true,"showParticleSystems":true,"showVisualEffectGraphs":true,"m_FxEnabled":true},"in2DMode":false,"pivot":{"x":127.44226837158203,"y":0.6447380185127258,"z":80.34800720214844},"rotation":{"x":-0.1446341872215271,"y":-0.20850199460983277,"z":0.031198829412460328,"w":-0.9668024778366089},"size":2.8518147468566896,"orthographic":false}