{"cameraMode":{"drawMode":0,"name":"Shaded","section":"Shading Mode"},"sceneLighting":false,"audioPlay":false,"sceneViewState":{"showFog":true,"showMaterialUpdate":false,"showSkybox":true,"showFlares":true,"showImageEffects":true,"showParticleSystems":true,"showVisualEffectGraphs":true,"m_FxEnabled":true},"in2DMode":false,"pivot":{"x":124.2551040649414,"y":1.3586784601211548,"z":153.2337646484375},"rotation":{"x":0.09342475235462189,"y":0.02956593781709671,"z":-0.0027738690841943027,"w":0.995190441608429},"size":7.994353294372559,"orthographic":false}