{"cameraMode":{"drawMode":0,"name":"Shaded","section":"Shading Mode"},"sceneLighting":true,"audioPlay":false,"sceneViewState":{"showFog":true,"showMaterialUpdate":false,"showSkybox":true,"showFlares":true,"showImageEffects":true,"showParticleSystems":true,"showVisualEffectGraphs":true,"m_FxEnabled":true},"in2DMode":false,"pivot":{"x":470.6994323730469,"y":1.0068655014038087,"z":510.55523681640627},"rotation":{"x":0.028056340292096139,"y":0.8821974992752075,"z":-0.0529954619705677,"w":0.4670446217060089},"size":3.6737451553344728,"orthographic":false}