{"cameraMode":{"drawMode":0,"name":"Shaded","section":"Shading Mode"},"sceneLighting":true,"audioPlay":false,"sceneViewState":{"showFog":true,"showMaterialUpdate":false,"showSkybox":true,"showFlares":true,"showImageEffects":true,"showParticleSystems":true,"showVisualEffectGraphs":true,"m_FxEnabled":true},"in2DMode":false,"pivot":{"x":462.95611572265627,"y":3.3754236698150636,"z":556.4965209960938},"rotation":{"x":0.019497714936733247,"y":0.01109012495726347,"z":0.00021662515064235777,"w":-0.9997470378875732},"size":22.791975021362306,"orthographic":false}