{"cameraMode":{"drawMode":0,"name":"Shaded","section":"Shading Mode"},"sceneLighting":false,"audioPlay":false,"sceneViewState":{"showFog":true,"showMaterialUpdate":false,"showSkybox":true,"showFlares":true,"showImageEffects":true,"showParticleSystems":true,"showVisualEffectGraphs":true,"m_FxEnabled":true},"in2DMode":false,"pivot":{"x":131.52928161621095,"y":-0.08766306936740875,"z":117.66840362548828},"rotation":{"x":0.06757231056690216,"y":0.932085394859314,"z":-0.23821210861206056,"w":0.2646050751209259},"size":12.596220970153809,"orthographic":false}