{"cameraMode":{"drawMode":0,"name":"Shaded","section":"Shading Mode"},"sceneLighting":false,"audioPlay":false,"sceneViewState":{"showFog":true,"showMaterialUpdate":false,"showSkybox":true,"showFlares":true,"showImageEffects":true,"showParticleSystems":true,"showVisualEffectGraphs":true,"m_FxEnabled":true},"in2DMode":false,"pivot":{"x":127.53350830078125,"y":2.3243417739868166,"z":129.11492919921876},"rotation":{"x":0.019359702244400979,"y":-0.9187684059143066,"z":0.04521870240569115,"w":0.39216846227645876},"size":2.2859137058258058,"orthographic":false}