{"cameraMode":{"drawMode":0,"name":"Shaded","section":"Shading Mode"},"sceneLighting":true,"audioPlay":false,"sceneViewState":{"showFog":true,"showMaterialUpdate":false,"showSkybox":true,"showFlares":true,"showImageEffects":true,"showParticleSystems":true,"showVisualEffectGraphs":true,"m_FxEnabled":true},"in2DMode":false,"pivot":{"x":33.34231948852539,"y":1.0661165714263917,"z":22.129180908203126},"rotation":{"x":0.09636031091213227,"y":0.35902872681617739,"z":-0.03729662671685219,"w":0.9276123642921448},"size":2.0576047897338869,"orthographic":false}