{"cameraMode":{"drawMode":0,"name":"Shaded","section":"Shading Mode"},"sceneLighting":true,"audioPlay":false,"sceneViewState":{"showFog":true,"showMaterialUpdate":false,"showSkybox":true,"showFlares":true,"showImageEffects":true,"showParticleSystems":true,"showVisualEffectGraphs":true,"m_FxEnabled":true},"in2DMode":false,"pivot":{"x":111.04618835449219,"y":7.9124040603637699,"z":37.356178283691409},"rotation":{"x":-0.07413612306118012,"y":-0.16938625276088715,"z":0.012777872383594513,"w":-0.9826787114143372},"size":1.6137858629226685,"orthographic":true}