{"cameraMode":{"drawMode":0,"name":"Shaded","section":"Shading Mode"},"sceneLighting":true,"audioPlay":false,"sceneViewState":{"showFog":true,"showMaterialUpdate":false,"showSkybox":true,"showFlares":true,"showImageEffects":true,"showParticleSystems":true,"showVisualEffectGraphs":true,"m_FxEnabled":true},"in2DMode":false,"pivot":{"x":121.47989654541016,"y":1.206061601638794,"z":22.961044311523439},"rotation":{"x":-0.025393396615982057,"y":0.8937088847160339,"z":-0.050996676087379459,"w":-0.4450153410434723},"size":1.438218593597412,"orthographic":false}