{"cameraMode":{"drawMode":0,"name":"Shaded","section":"Shading Mode"},"sceneLighting":false,"audioPlay":false,"sceneViewState":{"showFog":true,"showMaterialUpdate":false,"showSkybox":true,"showFlares":true,"showImageEffects":true,"showParticleSystems":true,"showVisualEffectGraphs":true,"m_FxEnabled":true},"in2DMode":false,"pivot":{"x":132.2578887939453,"y":1.5210567712783814,"z":82.69447326660156},"rotation":{"x":0.0013436769368126989,"y":0.9146398901939392,"z":-0.4051648676395416,"w":-0.0013292658841237426},"size":4.006216526031494,"orthographic":false}