{"cameraMode":{"drawMode":0,"name":"Shaded","section":"Shading Mode"},"sceneLighting":false,"audioPlay":false,"sceneViewState":{"showFog":true,"showMaterialUpdate":false,"showSkybox":false,"showFlares":true,"showImageEffects":true,"showParticleSystems":true,"showVisualEffectGraphs":true,"m_FxEnabled":true},"in2DMode":false,"pivot":{"x":119.77567291259766,"y":2.7969915866851808,"z":75.80451965332031},"rotation":{"x":-0.024465715512633325,"y":-0.9738048911094666,"z":0.10199721157550812,"w":-0.20374056696891786},"size":1.9181103706359864,"orthographic":false}